Year;Month;Date;Station;number of hauls (benthic);number of hauls (pelagic);notes;;
2007;1;23.01.2007;Sylt-1;1;1;;;
2007;1;23.01.2007;Sylt-2;1;1;;;
2007;1;23.01.2007;Sylt-3;1;0;;;
2007;1;24.01.2007;Sylt-4;1;1;;;
2007;1;24.01.2007;Sylt-5;1;0;;;
2007;1;24.01.2007;Sylt-6;1;1;;;
2007;1;24.01.2007;Sylt-7;1;0;;;
2007;1;not sampled;Sylt-8;0;0;;;
2007;1;not sampled;Sylt-9;0;0;;;
2007;2;21.02.2007;Sylt-1;1;1;;;
2007;2;21.02.2007;Sylt-2;1;1;;;
2007;2;21.02.2007;Sylt-3;1;0;;;
2007;2;21.02.2007;Sylt-4;1;1;;;
2007;2;21.02.2007;Sylt-5;1;0;;;
2007;2;22.02.2007;Sylt-6;1;1;;;
2007;2;22.02.2007;Sylt-7;1;0;;;
2007;2;not sampled;Sylt-8;0;0;;;
2007;2;not sampled;Sylt-9;0;0;;;
2007;3;20.03.2007;Sylt-1;1;1;;;
2007;3;20.03.2007;Sylt-2;1;1;;;
2007;3;20.03.2007;Sylt-3;1;0;;;
2007;3;21.03.2007;Sylt-4;1;1;;;
2007;3;20.03.2007;Sylt-5;1;0;;;
2007;3;21.03.2007;Sylt-6;1;1;;;
2007;3;21.03.2007;Sylt-7;1;0;;;
2007;3;27.03.2007;Sylt-8;1;1;;;
2007;3;22.03.2007;Sylt-9;1;1;;;
2007;4;10.04.2007;Sylt-1;1;1;;;
2007;4;10.04.2007;Sylt-2;1;1;jellyfish;;
2007;4;10.04.2007;Sylt-3;1;0;;;
2007;4;10.04.2007;Sylt-4;1;1;jellyfish;;
2007;4;11.04.2007;Sylt-5;1;0;;;
2007;4;11.04.2007;Sylt-6;1;1;;;
2007;4;11.04.2007;Sylt-7;1;0;;;
2007;4;not sampled;Sylt-8;0;0;;;
2007;4;not sampled;Sylt-9;0;0;;;
2007;5;07.05.2007;Sylt-1;1;1;jellyfish;;
2007;5;07.05.2007;Sylt-2;1;1;jellyfish;;
2007;5;07.05.2007;Sylt-3;1;0;jellyfish;;
2007;5;07.05.2007;Sylt-4;1;1;jellyfish;;
2007;5;08.05.2007;Sylt-5;1;0;jellyfish;;
2007;5;08.05.2007;Sylt-6;1;1;jellyfish;;
2007;5;08.05.2007;Sylt-7;1;0;jellyfish;;
2007;5;not sampled;Sylt-8;0;0;;;
2007;5;not sampled;Sylt-9;0;0;;;
2007;6;04.06.2007;Sylt-1;1;1;jellyfish;;
2007;6;04.06.2007;Sylt-2;1;1;jellyfish;;
2007;6;04.06.2007;Sylt-3;1;0;;;
2007;6;04.06.2007;Sylt-4;1;1;jellyfish;;
2007;6;05.06.2007;Sylt-5;1;0;jellyfish;;
2007;6;05.06.2007;Sylt-6;1;1;jellyfish;;
2007;6;05.06.2007;Sylt-7;1;0;jellyfish;;
2007;6;not sampled;Sylt-8;0;0;;;
2007;6;not sampled;Sylt-9;0;0;;;
2007;7;02.07.2007;Sylt-1;1;1;jellyfish;;
2007;7;02.07.2007;Sylt-2;1;1;jellyfish;;
2007;7;02.07.2007;Sylt-3;1;0;jellyfish;;
2007;7;03.07.2007;Sylt-4;1;1;jellyfish;;
2007;7;02.07.2007;Sylt-5;1;0;jellyfish;;
2007;7;03.07.2007;Sylt-6;1;1;jellyfish;;
2007;7;03.07.2007;Sylt-7;1;0;jellyfish;;
2007;7;02.07.2007;Sylt-8;1;1;jellyfish;;
2007;7;03.07.2007;Sylt-9;1;1;jellyfish;;
2007;8;01.08.2007;Sylt-1;1;0;jellyfish;;
2007;8;14.08.2007;Sylt-1;1;1;jellyfish;;
2007;8;14.08.2007;Sylt-2;1;1;jellyfish;;
2007;8;01.08.2007;Sylt-3;1;0;;;
2007;8;14.08.2007;Sylt-4;1;1;jellyfish;;
2007;8;14.08.2007;Sylt-5;1;0;jellyfish;;
2007;8;20.08.2007;Sylt-6;1;1;jellyfish;;
2007;8;20.08.2007;Sylt-7;1;0;;;
2007;8;not sampled;Sylt-8;0;0;;;
2007;8;not sampled;Sylt-9;0;0;;;
2007;9;12.09.2007;Sylt-1;1;1;jellyfish;;
2007;9;12.09.2007;Sylt-2;1;1;jellyfish;;
2007;9;12.09.2007;Sylt-3;1;0;;;
2007;9;12.09.2007;Sylt-4;1;1;jellyfish;;
2007;9;12.09.2007;Sylt-5;1;0;jellyfish;;
2007;9;13.09.2007;Sylt-6;1;1;jellyfish;;
2007;9;13.09.2007;Sylt-7;1;0;;;
2007;9;not sampled;Sylt-8;0;0;;;
2007;9;not sampled;Sylt-9;0;0;;;
2007;10;15.10.2007;Sylt-1;1;1;jellyfish;;
2007;10;15.10.2007;Sylt-2;1;1;jellyfish;;
2007;10;15.10.2007;Sylt-3;1;0;jellyfish;;
2007;10;15.10.2007;Sylt-4;1;1;jellyfish;;
2007;10;16.10.2007;Sylt-5;1;0;jellyfish;;
2007;10;16.10.2007;Sylt-6;1;1;;;
2007;10;16.10.2007;Sylt-7;1;0;;;
2007;10;15.10.2007;Sylt-8;1;1;jellyfish;;
2007;10;16.10.2007;Sylt-9;1;1;jellyfish;;
2007;11;12.11.2007;Sylt-1;1;1;;;
2007;11;15.11.2007;Sylt-2;1;1;;;
2007;11;12.11.2007;Sylt-3;1;0;jellyfish, damaged equipment;;
2007;11;15.11.2007;Sylt-4;1;1;;;
2007;11;15.11.2007;Sylt-5;1;0;;;
2007;11;15.11.2007;Sylt-6;1;1;;;
2007;11;15.11.2007;Sylt-7;1;0;;;
2007;11;not sampled;Sylt-8;0;0;;;
2007;11;not sampled;Sylt-9;0;0;;;
2007;12;10.12.2007;Sylt-1;1;1;jellyfish;;
2007;12;10.12.2007;Sylt-2;1;1;;;
2007;12;10.12.2007;Sylt-3;1;0;;;
2007;12;10.12.2007;Sylt-4;1;1;jellyfish;;
2007;12;11.12.2007;Sylt-5;1;0;;;
2007;12;11.12.2007;Sylt-6;1;1;;;
2007;12;11.12.2007;Sylt-7;1;0;;;
2007;12;not sampled;Sylt-8;0;0;;;
2007;12;not sampled;Sylt-9;0;0;;;
2008;1;14.01.2008;Sylt-1;1;1;;;
2008;1;14.01.2008;Sylt-2;1;1;;;
2008;1;14.01.2008;Sylt-3;1;0;;;
2008;1;14.01.2008;Sylt-4;1;1;;;
2008;1;17.01.2008;Sylt-5;1;0;;;
2008;1;17.01.2008;Sylt-6;1;1;;;
2008;1;17.01.2008;Sylt-7;1;0;;;
2008;1;not sampled;Sylt-8;0;0;;;
2008;1;not sampled;Sylt-9;0;0;;;
2008;2;11.02.2008;Sylt-1;1;1;;;
2008;2;11.02.2008;Sylt-2;1;1;;;
2008;2;11.02.2008;Sylt-3;1;0;;;
2008;2;13.02.2008;Sylt-4;1;1;;;
2008;2;13.02.2008;Sylt-5;1;0;;;
2008;2;13.02.2008;Sylt-6;1;1;;;
2008;2;13.02.2008;Sylt-7;1;0;;;
2008;2;not sampled;Sylt-8;0;0;;;
2008;2;not sampled;Sylt-9;0;0;;;
2008;3;not sampled;Sylt-1;0;0;;;
2008;3;not sampled;Sylt-2;0;0;;;
2008;3;not sampled;Sylt-3;0;0;;;
2008;3;not sampled;Sylt-4;0;0;;;
2008;3;not sampled;Sylt-5;0;0;;;
2008;3;not sampled;Sylt-6;0;0;;;
2008;3;not sampled;Sylt-7;0;0;;;
2008;3;not sampled;Sylt-8;0;0;;;
2008;3;not sampled;Sylt-9;0;0;;;
2008;4;07.04.2008;Sylt-1;1;1;;;
2008;4;07.04.2008;Sylt-2;1;1;;;
2008;4;07.04.2008;Sylt-3;1;0;;;
2008;4;07.04.2008;Sylt-4;1;1;;;
2008;4;07.04.2008;Sylt-5;1;0;;;
2008;4;09.04.2008;Sylt-6;1;1;;;
2008;4;09.04.2008;Sylt-7;1;0;;;
2008;4;not sampled;Sylt-8;0;0;;;
2008;4;not sampled;Sylt-9;0;0;;;
2008;5;20.05.2008;Sylt-1;1;1;jellyfish;;
2008;5;20.05.2008;Sylt-2;1;1;jellyfish;;
2008;5;20.05.2008;Sylt-3;1;0;;;
2008;5;20.05.2008;Sylt-4;1;1;jellyfish;;
2008;5;22.05.2008;Sylt-5;1;0;;;
2008;5;22.05.2008;Sylt-6;1;1;;;
2008;5;22.05.2008;Sylt-7;1;0;jellyfish;;
2008;5;not sampled;Sylt-8;0;0;;;
2008;5;not sampled;Sylt-9;0;0;;;
2008;6;not sampled;Sylt-1;0;0;;;
2008;6;not sampled;Sylt-2;0;0;;;
2008;6;not sampled;Sylt-3;0;0;;;
2008;6;not sampled;Sylt-4;0;0;;;
2008;6;not sampled;Sylt-5;0;0;;;
2008;6;not sampled;Sylt-6;0;0;;;
2008;6;not sampled;Sylt-7;0;0;;;
2008;6;not sampled;Sylt-8;0;0;;;
2008;6;not sampled;Sylt-9;0;0;;;
2008;7;07.07.2008;Sylt-1;1;1;pelagic: 40 kg jellyfish;;
2008;7;07.07.2008;Sylt-2;1;1;;;
2008;7;07.07.2008;Sylt-3;1;0;;;
2008;7;08.07.2008;Sylt-4;1;1;;;
2008;7;08.07.2008;Sylt-5;1;0;;;
2008;7;08.07.2008;Sylt-6;1;1;;;
2008;7;08.07.2008;Sylt-7;1;0;;;
2008;7;not sampled;Sylt-8;0;0;;;
2008;7;not sampled;Sylt-9;0;0;;;
2008;8;19.08.2008;Sylt-1;1;1;;;
2008;8;19.08.2008;Sylt-2;1;1;;;
2008;8;19.08.2008;Sylt-3;1;0;;;
2008;8;19.08.2008;Sylt-4;1;1;jellyfish;;
2008;8;19.08.2008;Sylt-5;1;0;jellyfish;;
2008;8;21.08.2008;Sylt-6;1;1;jellyfish;;
2008;8;21.08.2008;Sylt-7;1;0;jellyfish;;
2008;8;not sampled;Sylt-8;0;0;;;
2008;8;not sampled;Sylt-9;0;0;;;
2008;9;17.09.2008;Sylt-1;1;1;;;
2008;9;17.09.2008;Sylt-2;1;1;jellyfish;;
2008;9;17.09.2008;Sylt-3;1;0;jellyfish;;
2008;9;17.09.2008;Sylt-4;1;1;jellyfish;;
2008;9;18.09.2008;Sylt-5;1;0;jellyfish;;
2008;9;18.09.2008;Sylt-6;1;1;jellyfish;;
2008;9;18.09.2008;Sylt-7;1;0;jellyfish;;
2008;9;not sampled;Sylt-8;0;0;;;
2008;9;not sampled;Sylt-9;0;0;;;
2008;10;27.10.2008;Sylt-1;1;1;;;
2008;10;27.10.2008;Sylt-2;1;1;;;
2008;10;27.10.2008;Sylt-3;1;0;;;
2008;10;27.10.2008;Sylt-4;1;1;jellyfish;;
2008;10;28.10.2008;Sylt-5;1;0;;;
2008;10;28.10.2008;Sylt-6;1;1;;;
2008;10;28.10.2008;Sylt-7;1;0;;;
2008;10;not sampled;Sylt-8;0;0;;;
2008;10;not sampled;Sylt-9;0;0;;;
2008;11;17.11.2008;Sylt-1;1;1;;;
2008;11;17.11.2008;Sylt-2;1;1;;;
2008;11;17.11.2008;Sylt-3;1;0;;;
2008;11;24.11.2008;Sylt-4;1;1;;;
2008;11;24.11.2008;Sylt-5;1;0;;;
2008;11;24.11.2008;Sylt-6;1;1;;;
2008;11;24.11.2008;Sylt-7;1;0;;;
2008;11;17.11.2008;Sylt-8;1;1;;;
2008;11;17.11.2008;Sylt-9;1;1;;;
2008;12;16.12.2008;Sylt-1;1;1;;;
2008;12;16.12.2008;Sylt-2;1;1;;;
2008;12;16.12.2008;Sylt-3;1;0;;;
2008;12;16.12.2008;Sylt-4;1;1;;;
2008;12;17.12.2008;Sylt-5;1;0;;;
2008;12;17.12.2008;Sylt-6;1;1;;;
2008;12;17.12.2008;Sylt-7;1;0;;;
2008;12;not sampled;Sylt-8;0;0;;;
2008;12;not sampled;Sylt-9;0;0;;;
2009;1;12.01.2009;Sylt-1;1;1;;;
2009;1;12.01.2009;Sylt-2;1;0;;;
2009;1;13.01.2009;Sylt-2;0;1;;;
2009;1;12.01.2009;Sylt-3;1;0;;;
2009;1;13.01.2009;Sylt-4;1;1;;;
2009;1;13.01.2009;Sylt-5;1;0;;;
2009;1;13.01.2009;Sylt-6;1;1;;;
2009;1;13.01.2009;Sylt-7;1;0;;;
2009;1;not sampled;Sylt-8;0;0;;;
2009;1;not sampled;Sylt-9;0;0;;;
2009;2;17.02.2009;Sylt-1;1;1;;;
2009;2;17.02.2009;Sylt-2;1;1;;;
2009;2;17.02.2009;Sylt-3;1;0;;;
2009;2;18.02.2009;Sylt-4;1;1;;;
2009;2;18.02.2009;Sylt-5;1;0;;;
2009;2;18.02.2009;Sylt-6;1;1;;;
2009;2;18.02.2009;Sylt-7;1;0;;;
2009;2;17.02.2009;Sylt-8;1;1;;;
2009;2;18.02.2009;Sylt-9;1;1;;;
2009;3;17.03.2009;Sylt-1;1;1;;;
2009;3;17.03.2009;Sylt-2;1;1;;;
2009;3;17.03.2009;Sylt-3;1;0;;;
2009;3;17.03.2009;Sylt-4;1;1;;;
2009;3;18.03.2009;Sylt-5;1;0;;;
2009;3;18.03.2009;Sylt-6;1;1;;;
2009;3;18.03.2009;Sylt-7;1;0;;;
2009;3;not sampled;Sylt-8;0;0;;;
2009;3;not sampled;Sylt-9;0;0;;;
2009;4;21.04.2009;Sylt-1;1;1;;;
2009;4;21.04.2009;Sylt-2;1;1;;;
2009;4;21.04.2009;Sylt-3;1;0;;;
2009;4;21.04.2009;Sylt-4;1;1;;;
2009;4;22.04.2009;Sylt-5;1;0;;;
2009;4;22.04.2009;Sylt-6;1;1;;;
2009;4;22.04.2009;Sylt-7;1;0;;;
2009;4;not sampled;Sylt-8;0;0;;;
2009;4;not sampled;Sylt-9;0;0;;;
2009;5;19.05.2009;Sylt-1;1;1;;;
2009;5;19.05.2009;Sylt-2;1;1;;;
2009;5;19.05.2009;Sylt-3;1;0;;;
2009;5;19.05.2009;Sylt-4;1;1;;;
2009;5;20.05.2009;Sylt-5;1;0;;;
2009;5;20.05.2009;Sylt-6;1;1;;;
2009;5;20.05.2009;Sylt-7;1;0;;;
2009;5;19.05.2009;Sylt-8;1;1;;;
2009;5;20.05.2009;Sylt-9;1;1;;;
2009;6;10.06.2009;Sylt-1;1;1;;;
2009;6;10.06.2009;Sylt-2;1;1;;;
2009;6;10.06.2009;Sylt-3;1;0;;;
2009;6;11.06.2009;Sylt-4;1;1;;;
2009;6;11.06.2009;Sylt-5;1;0;;;
2009;6;11.06.2009;Sylt-6;1;1;;;
2009;6;11.06.2009;Sylt-7;1;0;;;
2009;6;not sampled;Sylt-8;0;0;;;
2009;6;not sampled;Sylt-9;0;0;;;
2009;7;13.07.2009;Sylt-1;1;1;;;
2009;7;13.07.2009;Sylt-2;1;1;;;
2009;7;13.07.2009;Sylt-3;1;0;;;
2009;7;13.07.2009;Sylt-4;1;1;;;
2009;7;14.07.2009;Sylt-5;1;0;;;
2009;7;14.07.2009;Sylt-6;1;1;;;
2009;7;14.07.2009;Sylt-7;1;0;;;
2009;7;13.07.2009;Sylt-8;1;1;;;
2009;7;14.07.2009;Sylt-9;1;1;;;
2009;8;11.08.2009;Sylt-1;1;1;;;
2009;8;11.08.2009;Sylt-2;1;1;;;
2009;8;11.08.2009;Sylt-3;1;0;;;
2009;8;11.08.2009;Sylt-4;1;1;;;
2009;8;12.08.2009;Sylt-5;1;0;;;
2009;8;25.08.2009;Sylt-6;1;1;;;
2009;8;25.08.2009;Sylt-7;1;0;;;
2009;8;not sampled;Sylt-8;0;0;;;
2009;8;not sampled;Sylt-9;0;0;;;
2009;9;21.09.2009;Sylt-1;1;1;;;
2009;9;21.09.2009;Sylt-2;1;1;;;
2009;9;21.09.2009;Sylt-3;1;0;;;
2009;9;21.09.2009;Sylt-4;1;1;;;
2009;9;22.09.2009;Sylt-5;1;0;;;
2009;9;22.09.2009;Sylt-6;1;1;;;
2009;9;22.09.2009;Sylt-7;1;0;;;
2009;9;not sampled;Sylt-8;0;0;;;
2009;9;not sampled;Sylt-9;0;0;;;
2009;10;19.10.2009;Sylt-1;1;1;;;
2009;10;19.10.2009;Sylt-2;1;1;;;
2009;10;19.10.2009;Sylt-3;1;0;;;
2009;10;19.10.2009;Sylt-4;1;1;;;
2009;10;20.10.2009;Sylt-5;1;0;;;
2009;10;20.10.2009;Sylt-6;1;1;;;
2009;10;20.10.2009;Sylt-7;1;0;;;
2009;10;19.10.2009;Sylt-8;1;1;;;
2009;10;20.10.2009;Sylt-9;1;1;;;
2009;11;16.11.2009;Sylt-1;1;1;;;
2009;11;16.11.2009;Sylt-2;1;1;;;
2009;11;16.11.2009;Sylt-3;1;0;;;
2009;11;16.11.2009;Sylt-4;1;1;;;
2009;11;17.11.2009;Sylt-5;1;0;;;
2009;11;17.11.2009;Sylt-6;1;1;;;
2009;11;17.11.2009;Sylt-7;1;0;;;
2009;11;not sampled;Sylt-8;0;0;;;
2009;11;not sampled;Sylt-9;0;0;;;
2009;12;07.12.2009;Sylt-1;1;1;;;
2009;12;07.12.2009;Sylt-2;1;1;;;
2009;12;07.12.2009;Sylt-3;1;0;;;
2009;12;07.12.2009;Sylt-4;1;1;;;
2009;12;08.12.2009;Sylt-5;1;0;;;
2009;12;08.12.2009;Sylt-6;1;1;;;
2009;12;08.12.2009;Sylt-7;1;0;;;
2009;12;not sampled;Sylt-8;0;0;;;
2009;12;not sampled;Sylt-9;0;0;;;
2010;1;not sampled;Sylt-1;0;0;ice;;
2010;1;not sampled;Sylt-2;0;0;ice;;
2010;1;not sampled;Sylt-3;0;0;ice;;
2010;1;not sampled;Sylt-4;0;0;ice;;
2010;1;not sampled;Sylt-5;0;0;ice;;
2010;1;not sampled;Sylt-6;0;0;ice;;
2010;1;not sampled;Sylt-7;0;0;ice;;
2010;1;not sampled;Sylt-8;0;0;ice;;
2010;1;not sampled;Sylt-9;0;0;ice;;
2010;2;not sampled;Sylt-1;0;0;ice;;
2010;2;not sampled;Sylt-2;0;0;ice;;
2010;2;not sampled;Sylt-3;0;0;ice;;
2010;2;not sampled;Sylt-4;0;0;ice;;
2010;2;not sampled;Sylt-5;0;0;ice;;
2010;2;not sampled;Sylt-6;0;0;ice;;
2010;2;not sampled;Sylt-7;0;0;ice;;
2010;2;not sampled;Sylt-8;0;0;ice;;
2010;2;not sampled;Sylt-9;0;0;ice;;
2010;3;16.03.2010;Sylt-1;1;1;;;
2010;3;16.03.2010;Sylt-2;1;1;;;
2010;3;16.03.2010;Sylt-3;1;0;;;
2010;3;16.03.2010;Sylt-4;1;1;;;
2010;3;17.03.2010;Sylt-5;1;0;;;
2010;3;17.03.2010;Sylt-6;1;1;;;
2010;3;17.03.2010;Sylt-7;1;0;;;
2010;3;16.03.2010;Sylt-8;1;1;;;
2010;3;17.03.2010;Sylt-9;1;1;;;
2010;4;06.04.2010;Sylt-1;1;1;;;
2010;4;06.04.2010;Sylt-2;1;1;;;
2010;4;06.04.2010;Sylt-3;1;0;;;
2010;4;06.04.2010;Sylt-4;1;1;;;
2010;4;07.04.2010;Sylt-5;1;0;;;
2010;4;07.04.2010;Sylt-6;1;1;;;
2010;4;07.04.2010;Sylt-7;1;0;;;
2010;4;not sampled;Sylt-8;0;0;;;
2010;4;not sampled;Sylt-9;0;0;;;
2010;5;18.05.2010;Sylt-1;1;1;;;
2010;5;18.05.2010;Sylt-2;1;1;;;
2010;5;18.05.2010;Sylt-3;1;0;;;
2010;5;19.05.2010;Sylt-4;1;1;;;
2010;5;19.05.2010;Sylt-5;1;0;;;
2010;5;19.05.2010;Sylt-6;1;1;;;
2010;5;19.05.2010;Sylt-7;1;0;;;
2010;5;not sampled;Sylt-8;0;0;;;
2010;5;not sampled;Sylt-9;0;0;;;
2010;6;14.06.2010;Sylt-1;1;1;;;
2010;6;14.06.2010;Sylt-2;1;1;;;
2010;6;14.06.2010;Sylt-3;1;0;;;
2010;6;15.06.2010;Sylt-4;1;1;;;
2010;6;15.06.2010;Sylt-5;1;0;;;
2010;6;15.06.2010;Sylt-6;1;1;;;
2010;6;15.06.2010;Sylt-7;1;0;;;
2010;6;14.06.2010;Sylt-8;1;1;;;
2010;6;15.06.2010;Sylt-9;1;1;;;
2010;7;13.07.2010;Sylt-1;1;1;;;
2010;7;13.07.2010;Sylt-2;1;1;;;
2010;7;13.07.2010;Sylt-3;1;0;;;
2010;7;13.07.2010;Sylt-4;1;1;;;
2010;7;14.07.2010;Sylt-5;1;0;;;
2010;7;14.07.2010;Sylt-6;1;1;;;
2010;7;14.07.2010;Sylt-7;1;0;;;
2010;7;not sampled;Sylt-8;0;0;;;
2010;7;not sampled;Sylt-9;0;0;;;
2010;8;17.08.2010;Sylt-1;1;1;;;
2010;8;17.08.2010;Sylt-2;1;1;;;
2010;8;17.08.2010;Sylt-3;1;0;;;
2010;8;17.08.2010;Sylt-4;1;1;;;
2010;8;18.08.2010;Sylt-5;1;0; ;;
2010;8;18.08.2010;Sylt-6;1;1;;;
2010;8;18.08.2010;Sylt-7;1;0;;;
2010;8;not sampled;Sylt-8;0;0;;;
2010;8;not sampled;Sylt-9;0;0;;;
2010;9;13.09.2010;Sylt-1;1;1;;;
2010;9;13.09.2010;Sylt-2;1;1;;;
2010;9;13.09.2010;Sylt-3;1;0;;;
2010;9;13.09.2010;Sylt-4;1;1;;;
2010;9;14.09.2010;Sylt-5;1;0;;;
2010;9;14.09.2010;Sylt-6;1;1;;;
2010;9;14.09.2010;Sylt-7;1;0;;;
2010;9;not sampled;Sylt-8;0;0;;;
2010;9;not sampled;Sylt-9;0;0;;;
2010;10;13.10.2010;Sylt-1;1;1;;;
2010;10;13.10.2010;Sylt-2;1;1;;;
2010;10;13.10.2010;Sylt-3;1;0;;;
2010;10;13.10.2010;Sylt-4;1;1;;;
2010;10;14.10.2010;Sylt-5;1;0;;;
2010;10;14.10.2010;Sylt-6;1;1;;;
2010;10;14.10.2010;Sylt-7;1;0;;;
2010;10;not sampled;Sylt-8;0;0;;;
2010;10;not sampled;Sylt-9;0;0;;;
2010;11;17.11.2010;Sylt-1;1;1;;;
2010;11;17.11.2010;Sylt-2;1;1;;;
2010;11;17.11.2010;Sylt-3;1;0;;;
2010;11;17.11.2010;Sylt-4;1;1;;;
2010;11;17.11.2010;Sylt-5;1;0;;;
2010;11;18.11.2010;Sylt-6;1;1;;;
2010;11;18.11.2010;Sylt-7;1;0;;;
2010;11;not sampled;Sylt-8;0;0;;;
2010;11;not sampled;Sylt-9;0;0;;;
2010;12;not sampled;Sylt-1;0;0;ice;;
2010;12;not sampled;Sylt-2;0;0;ice;;
2010;12;not sampled;Sylt-3;0;0;ice;;
2010;12;not sampled;Sylt-4;0;0;ice;;
2010;12;not sampled;Sylt-5;0;0;ice;;
2010;12;not sampled;Sylt-6;0;0;ice;;
2010;12;not sampled;Sylt-7;0;0;ice;;
2010;12;not sampled;Sylt-8;0;0;ice;;
2010;12;not sampled;Sylt-9;0;0;ice;;
2011;1;17.01.2011;Sylt-1;1;1;;;
2011;1;17.01.2011;Sylt-2;1;1;;;
2011;1;17.01.2011;Sylt-3;1;0;;;
2011;1;17.01.2011;Sylt-4;1;1;;;
2011;1;18.01.2011;Sylt-5;1;0;;;
2011;1;18.01.2011;Sylt-6;1;1;;;
2011;1;18.01.2011;Sylt-7;1;0;;;
2011;1;not sampled;Sylt-8;0;0;;;
2011;1;not sampled;Sylt-9;0;0;;;
2011;2;not sampled;Sylt-1;0;0;ice;;
2011;2;not sampled;Sylt-2;0;0;ice;;
2011;2;not sampled;Sylt-3;0;0;ice;;
2011;2;not sampled;Sylt-4;0;0;ice;;
2011;2;not sampled;Sylt-5;0;0;ice;;
2011;2;not sampled;Sylt-6;0;0;ice;;
2011;2;not sampled;Sylt-7;0;0;ice;;
2011;2;not sampled;Sylt-8;0;0;ice;;
2011;2;not sampled;Sylt-9;0;0;ice;;
2011;3;08.03.2011;Sylt-1;1;1;;;
2011;3;08.03.2011;Sylt-2;1;1;;;
2011;3;08.03.2011;Sylt-3;1;0;;;
2011;3;08.03.2011;Sylt-4;1;1;;;
2011;3;09.03.2011;Sylt-5;1;0;;;
2011;3;09.03.2011;Sylt-6;1;1;;;
2011;3;09.03.2011;Sylt-7;1;0;;;
2011;3;not sampled;Sylt-8;0;0;;;
2011;3;not sampled;Sylt-9;0;0;;;
2011;4;not sampled;Sylt-1;0;0;storm;;
2011;4;not sampled;Sylt-2;0;0;storm;;
2011;4;12.04.2011;Sylt-3;1;0;;;
2011;4;not sampled;Sylt-4;0;0;storm;;
2011;4;12.04.2011;Sylt-5;1;0;;;
2011;4;not sampled;Sylt-6;0;0;storm;;
2011;4;not sampled;Sylt-7;0;0;storm;;
2011;4;not sampled;Sylt-8;0;0;storm;;
2011;4;not sampled;Sylt-9;0;0;storm;;
2011;5;16.05.2011;Sylt-1;1;1;;;
2011;5;16.05.2011;Sylt-2;1;1;;;
2011;5;16.05.2011;Sylt-3;1;0;;;
2011;5;16.05.2011;Sylt-4;1;1;;;
2011;5;17.05.2011;Sylt-5;1;0;;;
2011;5;17.05.2011;Sylt-6;1;1;;;
2011;5;17.05.2011;Sylt-7;1;0;;;
2011;5;not sampled;Sylt-8;0;0;;;
2011;5;not sampled;Sylt-9;0;0;;;
2011;6;20.06.2011;Sylt-1;1;1;;;
2011;6;20.06.2011;Sylt-2;0;1;;;
2011;6;22.06.2011;Sylt-2;1;0;;;
2011;6;22.06.2011;Sylt-3;1;0;;;
2011;6;22.06.2011;Sylt-4;1;1;;;
2011;6;22.06.2011;Sylt-5;1;0;;;
2011;6;22.06.2011;Sylt-6;1;1;;;
2011;6;22.06.2011;Sylt-7;1;0;;;
2011;6;not sampled;Sylt-8;0;0;;;
2011;6;not sampled;Sylt-9;0;0;;;
2011;7;13.07.2011;Sylt-1;1;1;;;
2011;7;13.07.2011;Sylt-2;1;1;;;
2011;7;13.07.2011;Sylt-3;1;0;;;
2011;7;13.07.2011;Sylt-4;1;1;;;
2011;7;14.07.2011;Sylt-5;1;0;;;
2011;7;14.07.2011;Sylt-6;1;1;;;
2011;7;14.07.2011;Sylt-7;1;0;;;
2011;7;not sampled;Sylt-8;0;0;;;
2011;7;not sampled;Sylt-9;0;0;;;
2011;8;16.08.2011;Sylt-1;1;1;;;
2011;8;16.08.2011;Sylt-2;1;1;;;
2011;8;16.08.2011;Sylt-3;1;0;;;
2011;8;16.08.2011;Sylt-4;1;1;;;
2011;8;17.08.2011;Sylt-5;1;0; ;;
2011;8;17.08.2011;Sylt-6;1;1;;;
2011;8;17.08.2011;Sylt-7;1;0;;;
2011;8;not sampled;Sylt-8;0;0;;;
2011;8;not sampled;Sylt-9;0;0;;;
2011;9;26.09.2011;Sylt-1;1;1;;;
2011;9;26.09.2011;Sylt-2;1;1;;;
2011;9;26.09.2011;Sylt-3;1;0;;;
2011;9;26.09.2011;Sylt-4;1;1;;;
2011;9;28.09.2011;Sylt-5;1;0;;;
2011;9;28.09.2011;Sylt-6;1;1;;;
2011;9;28.09.2011;Sylt-7;1;0;;;
2011;9;not sampled;Sylt-8;0;0;;;
2011;9;not sampled;Sylt-9;0;0;;;
2011;10;26.10.2011;Sylt-1;1;1;;;
2011;10;26.10.2011;Sylt-2;1;1;;;
2011;10;26.10.2011;Sylt-3;1;0;;;
2011;10;27.10.2011;Sylt-4;1;1;;;
2011;10;26.10.2011;Sylt-5;1;0;;;
2011;10;27.10.2011;Sylt-6;1;1;;;
2011;10;27.10.2011;Sylt-7;1;0;;;
2011;10;26.10.2011;Sylt-8;1;1;;;
2011;10;27.10.2011;Sylt-9;1;1;;;
2011;11;28.11.2011;Sylt-1;1;1;;;
2011;11;28.11.2011;Sylt-2;1;1;;;
2011;11;28.11.2011;Sylt-3;1;0;;;
2011;11;28.11.2011;Sylt-4;1;1;;;
2011;11;29.11.2011;Sylt-5;1;0;;;
2011;11;29.11.2011;Sylt-6;1;1;;;
2011;11;29.11.2011;Sylt-7;1;0;;;
2011;11;not sampled;Sylt-8;0;0;;;
2011;11;not sampled;Sylt-9;0;0;;;
2011;12;not sampled;Sylt-1;0;0;;;
2011;12;not sampled;Sylt-2;0;0;;;
2011;12;not sampled;Sylt-3;0;0;;;
2011;12;not sampled;Sylt-4;0;0;;;
2011;12;not sampled;Sylt-5;0;0;;;
2011;12;not sampled;Sylt-6;0;0;;;
2011;12;not sampled;Sylt-7;0;0;;;
2011;12;not sampled;Sylt-8;0;0;;;
2011;12;not sampled;Sylt-9;0;0;;;
2012;1;16.01.2012;Sylt-1;1;1;;;
2012;1;16.01.2012;Sylt-2;1;1;;;
2012;1;16.01.2012;Sylt-3;1;0;;;
2012;1;16.01.2012;Sylt-4;1;1;;;
2012;1;17.01.2012;Sylt-5;1;0;;;
2012;1;17.01.2012;Sylt-6;1;1;;;
2012;1;17.01.2012;Sylt-7;1;0;;;
2012;1;not sampled;Sylt-8;0;0;;;
2012;1;not sampled;Sylt-9;0;0;;;
2012;2;22.02.2012;Sylt-1;1;1;;;
2012;2;22.02.2012;Sylt-2;1;1;;;
2012;2;22.02.2012;Sylt-3;1;0;;;
2012;2;22.02.2012;Sylt-4;1;1;;;
2012;2;23.02.2012;Sylt-5;1;0;;;
2012;2;23.02.2012;Sylt-6;1;1;;;
2012;2;23.02.2012;Sylt-7;1;0;;;
2012;2;not sampled;Sylt-8;0;0;;;
2012;2;not sampled;Sylt-9;0;0;;;
2012;3;26.03.2012;Sylt-1;1;1;;;
2012;3;26.03.2012;Sylt-2;1;1;;;
2012;3;26.03.2012;Sylt-3;1;0;;;
2012;3;26.03.2012;Sylt-4;1;1;;;
2012;3;27.03.2012;Sylt-5;1;0;;;
2012;3;27.03.2012;Sylt-6;1;1;;;
2012;3;27.03.2012;Sylt-7;1;0;;;
2012;3;26.03.2012;Sylt-8;1;1;;;
2012;3;27.03.2012;Sylt-9;1;1;;;
2012;4;17.04.2012;Sylt-1;1;1;jellyfish;;
2012;4;17.04.2012;Sylt-2;1;1;;;
2012;4;17.04.2012;Sylt-3;1;0;;;
2012;4;17.04.2012;Sylt-4;1;1;;;
2012;4;18.04.2012;Sylt-5;1;0;;;
2012;4;18.04.2012;Sylt-6;1;1;;;
2012;4;18.04.2012;Sylt-7;1;0;;;
2012;4;not sampled;Sylt-8;0;0;;;
2012;4;not sampled;Sylt-9;0;0;;;
2012;5;14.05.2012;Sylt-1;1;1;jellyfish;;
2012;5;14.05.2012;Sylt-2;1;1;jellyfish;;
2012;5;14.05.2012;Sylt-3;1;0;;;
2012;5;15.05.2012;Sylt-4;1;1;;;
2012;5;15.05.2012;Sylt-5;1;0;;;
2012;5;15.05.2012;Sylt-6;1;1;;;
2012;5;15.05.2012;Sylt-7;1;0;;;
2012;5;not sampled;Sylt-8;0;0;;;
2012;5;not sampled;Sylt-9;0;0;;;
2012;6;11.06.2012;Sylt-1;1;1;;;
2012;6;11.06.2012;Sylt-2;1;1;;;
2012;6;11.06.2012;Sylt-3;1;0;;;
2012;6;11.06.2012;Sylt-4;1;1;;;
2012;6;12.06.2012;Sylt-5;1;0;;;
2012;6;12.06.2012;Sylt-6;1;1;algae;;
2012;6;12.06.2012;Sylt-7;1;0;;;
2012;6;11.06.2012;Sylt-8;1;1;;;
2012;6;12.06.2012;Sylt-9;1;1;;;
2012;7;16.07.2012;Sylt-1;1;1;;;
2012;7;16.07.2012;Sylt-2;1;1;;;
2012;7;16.07.2012;Sylt-3;1;0;;;
2012;7;16.07.2012;Sylt-4;1;1;;;
2012;7;17.07.2012;Sylt-5;1;0;22,5 kg Carcinus;;
2012;7;17.07.2012;Sylt-6;1;1;;;
2012;7;17.07.2012;Sylt-7;1;0;;;
2012;7;not sampled;Sylt-8;0;0;;;
2012;7;not sampled;Sylt-9;0;0;;;
2012;8;20.08.2012;Sylt-1;1;1;;;
2012;8;20.08.2012;Sylt-2;1;1;;;
2012;8;20.08.2012;Sylt-3;1;0;;;
2012;8;20.08.2012;Sylt-4;1;1;;;
2012;8;21.08.2012;Sylt-5;1;0; ;;
2012;8;21.08.2012;Sylt-6;1;1;;;
2012;8;21.08.2012;Sylt-7;1;0;;;
2012;8;not sampled;Sylt-8;0;0;;;
2012;8;not sampled;Sylt-9;0;0;;;
2012;9;19.09.2012;Sylt-1;1;1;;;
2012;9;19.09.2012;Sylt-2;1;1;;;
2012;9;19.09.2012;Sylt-3;1;0;;;
2012;9;19.09.2012;Sylt-4;1;1;;;
2012;9;20.09.2012;Sylt-5;1;0;;;
2012;9;20.09.2012;Sylt-6;1;1;;;
2012;9;20.09.2012;Sylt-7;1;0;;;
2012;9;not sampled;Sylt-8;0;0;;;
2012;9;not sampled;Sylt-9;0;0;;;
2012;10;24.10.2012;Sylt-1;1;1;;;
2012;10;24.10.2012;Sylt-2;1;1;;;
2012;10;24.10.2012;Sylt-3;1;0;;;
2012;10;24.10.2012;Sylt-4;1;1;;;
2012;10;25.10.2012;Sylt-5;1;0;;;
2012;10;25.10.2012;Sylt-6;1;1;;;
2012;10;25.10.2012;Sylt-7;1;0;;;
2012;10;not sampled;Sylt-8;0;0;;;
2012;10;not sampled;Sylt-9;0;0;;;
2012;11;not sampled;Sylt-1;0;0;;;
2012;11;not sampled;Sylt-2;0;0;;;
2012;11;not sampled;Sylt-3;0;0;;;
2012;11;not sampled;Sylt-4;0;0;;;
2012;11;not sampled;Sylt-5;0;0;;;
2012;11;not sampled;Sylt-6;0;0;;;
2012;11;not sampled;Sylt-7;0;0;;;
2012;11;not sampled;Sylt-8;0;0;;;
2012;11;not sampled;Sylt-9;0;0;;;
2012;12;05.12.2012;Sylt-1;1;1;;;
2012;12;05.12.2012;Sylt-2;1;1;;;
2012;12;05.12.2012;Sylt-3;1;0;;;
2012;12;05.12.2012;Sylt-4;1;1;;;
2012;12;06.12.2012;Sylt-5;1;0;;;
2012;12;06.12.2012;Sylt-6;1;1;;;
2012;12;06.12.2012;Sylt-7;1;0;;;
2012;12;not sampled;Sylt-8;0;0;;;
2012;12;not sampled;Sylt-9;0;0;;;
2013;1;05.02.2013;Sylt-1;1;1;;;
2013;1;05.02.2013;Sylt-2;1;1;;;
2013;1;05.02.2013;Sylt-3;1;0;;;
2013;1;05.02.2013;Sylt-4;1;1;;;
2013;1;06.02.2013;Sylt-5;1;0;;;
2013;1;06.02.2013;Sylt-6;1;1;;;
2013;1;06.02.2013;Sylt-7;1;0;;;
2013;1;not sampled;Sylt-8;0;0;;;
2013;1;not sampled;Sylt-9;0;0;;;
2013;2;25.02.2013;Sylt-1;1;1;;;
2013;2;25.02.2013;Sylt-2;1;1;;;
2013;2;25.02.2013;Sylt-3;1;0;;;
2013;2;25.02.2013;Sylt-4;1;1;;;
2013;2;26.02.2013;Sylt-5;1;0;;;
2013;2;26.02.2013;Sylt-6;1;1;;;
2013;2;26.02.2013;Sylt-7;1;0;;;
2013;2;not sampled;Sylt-8;0;0;;;
2013;2;not sampled;Sylt-9;0;0;;;
2013;3;27.03.2013;Sylt-1;1;1;;;
2013;3;27.03.2013;Sylt-2;1;1;;;
2013;3;27.03.2013;Sylt-3;1;0;;;
2013;3;27.03.2013;Sylt-4;1;1;;;
2013;3;28.03.2013;Sylt-5;1;0;;;
2013;3;28.03.2013;Sylt-6;1;1;;;
2013;3;28.03.2013;Sylt-7;1;0;;;
2013;3;not sampled;Sylt-8;0;0;;;
2013;3;not sampled;Sylt-9;0;0;;;
2013;4;24.04.2013;Sylt-1;1;1;;;
2013;4;24.04.2013;Sylt-2;1;1;;;
2013;4;24.04.2013;Sylt-3;1;0;;;
2013;4;24.04.2013;Sylt-4;1;1;;;
2013;4;25.04.2013;Sylt-5;1;0;;;
2013;4;25.04.2013;Sylt-6;1;1;;;
2013;4;25.04.2013;Sylt-7;1;0;;;
2013;4;24.04.2013;Sylt-8;1;1;;;
2013;4;25.04.2013;Sylt-9;1;1;;;
2013;5;27.05.2013;Sylt-1;1;1;;;
2013;5;27.05.2013;Sylt-2;1;1;;;
2013;5;27.05.2013;Sylt-3;1;0;;;
2013;5;27.05.2013;Sylt-4;1;1;;;
2013;5;28.05.2013;Sylt-5;1;0;;;
2013;5;28.05.2013;Sylt-6;1;1;;;
2013;5;28.05.2013;Sylt-7;1;0;;;
2013;5;not sampled;Sylt-8;0;0;;;
2013;5;not sampled;Sylt-9;0;0;technical problems;;
2013;6;not sampled;Sylt-1;0;0;technical problems;;
2013;6;not sampled;Sylt-2;0;0;technical problems;;
2013;6;not sampled;Sylt-3;0;0;technical problems;;
2013;6;not sampled;Sylt-4;0;0;technical problems;;
2013;6;not sampled;Sylt-5;0;0;technical problems;;
2013;6;not sampled;Sylt-6;0;0;technical problems;;
2013;6;not sampled;Sylt-7;0;0;technical problems;;
2013;6;not sampled;Sylt-8;0;0;technical problems;;
2013;6;not sampled;Sylt-9;0;0;technical problems;;
2013;7;29.07.2013;Sylt-1;1;0;no pelagic sampling: technical Problems;;
2013;7;not sampled;Sylt-2;0;0;technical problems;;
2013;7;29.07.2013;Sylt-3;1;0;;;
2013;7;not sampled;Sylt-4;0;0;technical problems;;
2013;7;not sampled;Sylt-5;0;0;technical problems;;
2013;7;not sampled;Sylt-6;0;0;technical problems;;
2013;7;not sampled;Sylt-7;0;0;technical problems;;
2013;7;not sampled;Sylt-8;0;0;technical problems;;
2013;7;not sampled;Sylt-9;0;0;technical problems;;
2013;8;not sampled;Sylt-1;0;0;technical problems;;
2013;8;not sampled;Sylt-2;0;0;technical problems;;
2013;8;not sampled;Sylt-3;0;0;technical problems;;
2013;8;not sampled;Sylt-4;0;0;technical problems;;
2013;8;not sampled;Sylt-5;0;0;technical problems;;
2013;8;not sampled;Sylt-6;0;0;technical problems;;
2013;8;not sampled;Sylt-7;0;0;technical problems;;
2013;8;not sampled;Sylt-8;0;0;technical problems;;
2013;8;not sampled;Sylt-9;0;0;technical problems;;
2013;9;not sampled;Sylt-1;0;0;technical problems;;
2013;9;not sampled;Sylt-2;0;0;technical problems;;
2013;9;not sampled;Sylt-3;0;0;technical problems;;
2013;9;not sampled;Sylt-4;0;0;technical problems;;
2013;9;not sampled;Sylt-5;0;0;technical problems;;
2013;9;not sampled;Sylt-6;0;0;technical problems;;
2013;9;not sampled;Sylt-7;0;0;technical problems;;
2013;9;not sampled;Sylt-8;0;0;technical problems;;
2013;9;not sampled;Sylt-9;0;0;technical problems;;
2013;10;not sampled;Sylt-1;0;0;technical problems;;
2013;10;not sampled;Sylt-2;0;0;technical problems;;
2013;10;not sampled;Sylt-3;0;0;technical problems;;
2013;10;not sampled;Sylt-4;0;0;technical problems;;
2013;10;not sampled;Sylt-5;0;0;technical problems;;
2013;10;not sampled;Sylt-6;0;0;technical problems;;
2013;10;not sampled;Sylt-7;0;0;technical problems;;
2013;10;not sampled;Sylt-8;0;0;technical problems;;
2013;10;not sampled;Sylt-9;0;0;technical problems;;
2013;11;not sampled;Sylt-1;0;0;technical problems;;
2013;11;not sampled;Sylt-2;0;0;technical problems;;
2013;11;not sampled;Sylt-3;0;0;technical problems;;
2013;11;not sampled;Sylt-4;0;0;technical problems;;
2013;11;not sampled;Sylt-5;0;0;technical problems;;
2013;11;not sampled;Sylt-6;0;0;technical problems;;
2013;11;not sampled;Sylt-7;0;0;technical problems;;
2013;11;not sampled;Sylt-8;0;0;technical problems;;
2013;11;not sampled;Sylt-9;0;0;technical problems;;
2013;12;not sampled;Sylt-1;0;0;technical problems;;
2013;12;not sampled;Sylt-2;0;0;technical problems;;
2013;12;not sampled;Sylt-3;0;0;technical problems;;
2013;12;not sampled;Sylt-4;0;0;technical problems;;
2013;12;not sampled;Sylt-5;0;0;technical problems;;
2013;12;not sampled;Sylt-6;0;0;technical problems;;
2013;12;not sampled;Sylt-7;0;0;technical problems;;
2013;12;not sampled;Sylt-8;0;0;technical problems;;
2013;12;not sampled;Sylt-9;0;0;technical problems;;
2014;1;not sampled;Sylt-1;0;0;technical problems;;
2014;1;not sampled;Sylt-2;0;0;technical problems;;
2014;1;not sampled;Sylt-3;0;0;technical problems;;
2014;1;not sampled;Sylt-4;0;0;technical problems;;
2014;1;not sampled;Sylt-5;0;0;technical problems;;
2014;1;not sampled;Sylt-6;0;0;technical problems;;
2014;1;not sampled;Sylt-7;0;0;technical problems;;
2014;1;not sampled;Sylt-8;0;0;technical problems;;
2014;1;not sampled;Sylt-9;0;0;technical problems;;
2014;2;not sampled;Sylt-1;0;0;technical problems;;
2014;2;not sampled;Sylt-2;0;0;technical problems;;
2014;2;not sampled;Sylt-3;0;0;technical problems;;
2014;2;not sampled;Sylt-4;0;0;technical problems;;
2014;2;not sampled;Sylt-5;0;0;technical problems;;
2014;2;not sampled;Sylt-6;0;0;technical problems;;
2014;2;not sampled;Sylt-7;0;0;technical problems;;
2014;2;not sampled;Sylt-8;0;0;technical problems;;
2014;2;not sampled;Sylt-9;0;0;technical problems;;
2014;3;not sampled;Sylt-1;0;0;technical problems;;
2014;3;not sampled;Sylt-2;0;0;technical problems;;
2014;3;not sampled;Sylt-3;0;0;technical problems;;
2014;3;not sampled;Sylt-4;0;0;technical problems;;
2014;3;not sampled;Sylt-5;0;0;technical problems;;
2014;3;not sampled;Sylt-6;0;0;technical problems;;
2014;3;not sampled;Sylt-7;0;0;technical problems;;
2014;3;not sampled;Sylt-8;0;0;technical problems;;
2014;3;not sampled;Sylt-9;0;0;technical problems;;
2014;4;not sampled;Sylt-1;0;0;technical problems;;
2014;4;not sampled;Sylt-2;0;0;technical problems;;
2014;4;not sampled;Sylt-3;0;0;technical problems;;
2014;4;not sampled;Sylt-4;0;0;technical problems;;
2014;4;not sampled;Sylt-5;0;0;technical problems;;
2014;4;not sampled;Sylt-6;0;0;technical problems;;
2014;4;not sampled;Sylt-7;0;0;technical problems;;
2014;4;not sampled;Sylt-8;0;0;technical problems;;
2014;4;not sampled;Sylt-9;0;0;technical problems;;
2014;5;07.05.2014;Sylt-1;1;1;jellyfish, new ship;;
2014;5;07.05.2014;Sylt-2;1;1;jellyfish, new ship;;
2014;5;07.05.2014;Sylt-3;1;0;new ship;;
2014;5;07.05.2014;Sylt-4;1;1;new ship;;
2014;5;08.05.2014;Sylt-5;1;0;jellyfish, new ship;;
2014;5;08.05.2014;Sylt-6;1;1;jellyfish, new ship;;
2014;5;08.05.2014;Sylt-7;1;0;jellyfish, new ship;;
2014;5;07.05.2014;Sylt-8;1;1;jellyfish, new ship;;
2014;5;08.05.2014;Sylt-9;1;1;jellyfish, new ship;;
2014;6;not sampled;Sylt-1;0;0;technical problems;;
2014;6;not sampled;Sylt-2;0;0;technical problems;;
2014;6;not sampled;Sylt-3;0;0;technical problems;;
2014;6;not sampled;Sylt-4;0;0;technical problems;;
2014;6;not sampled;Sylt-5;0;0;technical problems;;
2014;6;not sampled;Sylt-6;0;0;technical problems;;
2014;6;not sampled;Sylt-7;0;0;technical problems;;
2014;6;not sampled;Sylt-8;0;0;technical problems;;
2014;6;not sampled;Sylt-9;0;0;technical problems;;
2014;7;07.07.2014;Sylt-1;1;1;jellyfish;;
2014;7;07.07.2014;Sylt-2;1;1;;;
2014;7;07.07.2014;Sylt-3;1;0;;;
2014;7;07.07.2014;Sylt-4;1;1;;;
2014;7;08.07.2014;Sylt-5;1;0;;;
2014;7;08.07.2014;Sylt-6;1;1;;;
2014;7;08.07.2014;Sylt-7;1;0;;;
2014;7;not sampled;Sylt-8;0;0;;;
2014;7;not sampled;Sylt-9;0;0;;;
2014;8;not sampled;Sylt-1;0;0;;;
2014;8;not sampled;Sylt-2;0;0;;;
2014;8;not sampled;Sylt-3;0;0;;;
2014;8;not sampled;Sylt-4;0;0;;;
2014;8;not sampled;Sylt-5;0;0;;;
2014;8;not sampled;Sylt-6;0;0;;;
2014;8;not sampled;Sylt-7;0;0;;;
2014;8;not sampled;Sylt-8;0;0;;;
2014;8;not sampled;Sylt-9;0;0;;;
2014;9;08.09.2014;Sylt-1;1;1;;;
2014;9;08.09.2014;Sylt-2;1;1;;;
2014;9;08.09.2014;Sylt-3;1;0;;;
2014;9;10.09.2014;Sylt-4;1;1;;;
2014;9;10.09.2014;Sylt-5;1;0;;;
2014;9;10.09.2014;Sylt-6;1;1;;;
2014;9;10.09.2014;Sylt-7;1;0;;;
2014;9;not sampled;Sylt-8;0;0;;;
2014;9;not sampled;Sylt-9;0;0;;;
2014;10;15.10.2014;Sylt-1;1;1;;;
2014;10;15.10.2014;Sylt-2;1;1;jellyfish;;
2014;10;15.10.2014;Sylt-3;1;0;;;
2014;10;15.10.2014;Sylt-4;1;1;;;
2014;10;16.10.2014;Sylt-5;1;0;;;
2014;10;16.10.2014;Sylt-6;1;1;;;
2014;10;16.10.2014;Sylt-7;1;0;;;
2014;10;not sampled;Sylt-8;0;0;;;
2014;10;not sampled;Sylt-9;0;0;;;
2014;11;17.11.2014;Sylt-1;1;1;;;
2014;11;17.11.2014;Sylt-2;1;1;;;
2014;11;17.11.2014;Sylt-3;1;0;;;
2014;11;17.11.2014;Sylt-4;1;1;;;
2014;11;18.11.2014;Sylt-5;1;0;;;
2014;11;18.11.2014;Sylt-6;1;1;;;
2014;11;18.11.2014;Sylt-7;1;0;;;
2014;11;not sampled;Sylt-8;0;0;;;
2014;11;not sampled;Sylt-9;0;0;;;
2014;12;not sampled;Sylt-1;0;0;;;
2014;12;not sampled;Sylt-2;0;0;;;
2014;12;not sampled;Sylt-3;0;0;;;
2014;12;not sampled;Sylt-4;0;0;;;
2014;12;not sampled;Sylt-5;0;0;;;
2014;12;not sampled;Sylt-6;0;0;;;
2014;12;not sampled;Sylt-7;0;0;;;
2014;12;not sampled;Sylt-8;0;0;;;
2014;12;not sampled;Sylt-9;0;0;;;
2015;1;not sampled;Sylt-1;0;0;;;
2015;1;not sampled;Sylt-2;0;0;;;
2015;1;not sampled;Sylt-3;0;0;;;
2015;1;not sampled;Sylt-4;0;0;;;
2015;1;not sampled;Sylt-5;0;0;;;
2015;1;not sampled;Sylt-6;0;0;;;
2015;1;not sampled;Sylt-7;0;0;;;
2015;1;not sampled;Sylt-8;0;0;;;
2015;1;not sampled;Sylt-9;0;0;;;
2015;2;02.02.2015;Sylt-1;1;1;;;
2015;2;02.02.2015;Sylt-2;1;1;;;
2015;2;02.02.2015;Sylt-3;1;0;;;
2015;2;02.02.2015;Sylt-4;1;1;;;
2015;2;03.02.2015;Sylt-5;1;0;;;
2015;2;03.02.2015;Sylt-6;1;1;;;
2015;2;03.02.2015;Sylt-7;1;0;;;
2015;2;not sampled;Sylt-8;0;0;;;
2015;2;not sampled;Sylt-9;0;0;;;
2015;3;30.03.2015;Sylt-1;1;1;;;
2015;3;30.03.2015;Sylt-2;1;1;;;
2015;3;30.03.2015;Sylt-3;1;0;;;
2015;3;not sampled;Sylt-4;0;0;;;
2015;3;30.03.2015;Sylt-5;1;0;;;
2015;3;30.03.2015;Sylt-6;1;1;;;
2015;3;30.03.2015;Sylt-7;1;0;;;
2015;3;not sampled;Sylt-8;0;0;;;
2015;3;not sampled;Sylt-9;0;0;;;
2015;4;27.04.2015;Sylt-1;1;1;;;
2015;4;27.04.2015;Sylt-2;1;1;;;
2015;4;27.04.2015;Sylt-3;1;0;;;
2015;4;27.04.2015;Sylt-4;1;1;;;
2015;4;28.04.2015;Sylt-5;1;0;;;
2015;4;28.04.2015;Sylt-6;1;1;;;
2015;4;28.04.2015;Sylt-7;1;0;;;
2015;4;not sampled;Sylt-8;0;0;;;
2015;4;not sampled;Sylt-9;0;0;;;
2015;5;not sampled;Sylt-1;0;0;;;
2015;5;not sampled;Sylt-2;0;0;;;
2015;5;not sampled;Sylt-3;0;0;;;
2015;5;not sampled;Sylt-4;0;0;;;
2015;5;not sampled;Sylt-5;0;0;;;
2015;5;not sampled;Sylt-6;0;0;;;
2015;5;not sampled;Sylt-7;0;0;;;
2015;5;not sampled;Sylt-8;0;0;;;
2015;5;not sampled;Sylt-9;0;0;;;
2015;6;15.06.2015;Sylt-1;1;1;;;
2015;6;15.06.2015;Sylt-2;1;1;;;
2015;6;15.06.2015;Sylt-3;1;0;;;
2015;6;15.06.2015;Sylt-4;1;1;;;
2015;6;16.06.2015;Sylt-5;1;0;;;
2015;6;16.06.2015;Sylt-6;1;1;jellyfish;;
2015;6;16.06.2015;Sylt-7;1;0;jellyfish;;
2015;6;not sampled;Sylt-8;0;0;;;
2015;6;not sampled;Sylt-9;0;0;;;
2015;7;13.07.2015;Sylt-1;1;1;;;
2015;7;13.07.2015;Sylt-2;1;1;;;
2015;7;13.07.2015;Sylt-3;1;0;;;
2015;7;14.07.2015;Sylt-4;1;1;;;
2015;7;13.07.2015;Sylt-5;1;0;;;
2015;7;14.07.2015;Sylt-6;1;1;;;
2015;7;14.07.2015;Sylt-7;1;0;;;
2015;7;13.07.2015;Sylt-8;1;1;;;
2015;7;14.07.2015;Sylt-9;1;1;;;
2015;8;10.08.2015;Sylt-1;1;1;;;
2015;8;10.08.2015;Sylt-2;1;1;;;
2015;8;10.08.2015;Sylt-3;1;0;;;
2015;8;11.08.2015;Sylt-4;1;1;;;
2015;8;10.08.2015;Sylt-5;1;0;;;
2015;8;11.08.2015;Sylt-6;1;1;;;
2015;8;11.08.2015;Sylt-7;1;0;;;
2015;8;not sampled;Sylt-8;0;0;;;
2015;8;not sampled;Sylt-9;0;0;;;
2015;9;14.09.2015;Sylt-1;1;1;;;
2015;9;14.09.2015;Sylt-2;1;1;;;
2015;9;14.09.2015;Sylt-3;1;0;;;
2015;9;14.09.2015;Sylt-4;1;1;;;
2015;9;15.09.2015;Sylt-5;1;0;;;
2015;9;15.09.2015;Sylt-6;1;1;;;
2015;9;15.09.2015;Sylt-7;1;0;;;
2015;9;not sampled;Sylt-8;0;0;;;
2015;9;not sampled;Sylt-9;0;0;;;
2015;10;not sampled;Sylt-1;0;0;;;
2015;10;not sampled;Sylt-2;0;0;;;
2015;10;not sampled;Sylt-3;0;0;;;
2015;10;not sampled;Sylt-4;0;0;;;
2015;10;not sampled;Sylt-5;0;0;;;
2015;10;not sampled;Sylt-6;0;0;;;
2015;10;not sampled;Sylt-7;0;0;;;
2015;10;not sampled;Sylt-8;0;0;;;
2015;10;not sampled;Sylt-9;0;0;;;
2015;11;17.11.2015;Sylt-1;1;1;;;
2015;11;17.11.2015;Sylt-2;1;1;;;
2015;11;16.11.2015;Sylt-3;1;0;net broken;;
2015;11;17.11.2015;Sylt-4;1;1;;;
2015;11;17.11.2015;Sylt-5;1;0;;;
2015;11;17.11.2015;Sylt-6;1;1;;;
2015;11;17.11.2015;Sylt-7;1;0;;;
2015;11;not sampled;Sylt-8;0;0;;;
2015;11;not sampled;Sylt-9;0;0;;;
2015;12;15.12.2015;Sylt-1;1;1;;;
2015;12;15.12.2015;Sylt-2;1;1;;;
2015;12;15.12.2015;Sylt-3;1;0;;;
2015;12;15.12.2015;Sylt-4;1;1;;;
2015;12;15.12.2015;Sylt-5;1;0;;;
2015;12;15.12.2015;Sylt-6;1;1;;;
2015;12;15.12.2015;Sylt-7;1;0;;;
2015;12;not sampled;Sylt-8;0;0;;;
2015;12;not sampled;Sylt-9;0;0;;;
2016;1;18.01.2016;Sylt-1;1;1;;;
2016;1;18.01.2016;Sylt-2;1;1;;;
2016;1;18.01.2016;Sylt-3;1;0;;;
2016;1;18.01.2016;Sylt-4;1;1;;;
2016;1;21.01.2016;Sylt-5;1;0;;;
2016;1;21.01.2016;Sylt-6;1;1;;;
2016;1;21.01.2016;Sylt-7;1;0;;;
2016;1;18.01.2016;Sylt-8;1;1;;;
2016;1;21.01.2016;Sylt-9;1;1;;;
2016;2;22.02.2016;Sylt-1;1;1;;;
2016;2;22.02.2016;Sylt-2;1;1;;;
2016;2;22.02.2016;Sylt-3;1;0;;;
2016;2;24.02.2016;Sylt-4;1;1;;;
2016;2;24.02.2016;Sylt-5;1;0;;;
2016;2;24.02.2016;Sylt-6;1;1;;;
2016;2;24.02.2016;Sylt-7;1;0;;;
2016;2;not sampled;Sylt-8;0;0;;;
2016;2;not sampled;Sylt-9;0;0;;;
2016;3;not sampled;Sylt-1;0;0;;;
2016;3;not sampled;Sylt-2;0;0;;;
2016;3;not sampled;Sylt-3;0;0;;;
2016;3;not sampled;Sylt-4;0;0;;;
2016;3;not sampled;Sylt-5;0;0;;;
2016;3;not sampled;Sylt-6;0;0;;;
2016;3;not sampled;Sylt-7;0;0;;;
2016;3;not sampled;Sylt-8;0;0;;;
2016;3;not sampled;Sylt-9;0;0;;;
2016;4;05.04.2016;Sylt-1;1;1;;;
2016;4;05.04.2016;Sylt-2;1;1;;;
2016;4;05.04.2016;Sylt-3;1;0;;;
2016;4;06.04.2016;Sylt-4;1;1;;;
2016;4;05.04.2016;Sylt-5;1;0;;;
2016;4;06.04.2016;Sylt-6;1;1;;;
2016;4;06.04.2016;Sylt-7;1;0;;;
2016;4;05.04.2016;Sylt-8;1;1;;;
2016;4;06.04.2016;Sylt-9;1;1;;;
2016;5;18.05.2016;Sylt-1;1;1;;;
2016;5;18.05.2016;Sylt-2;1;1;jellyfish;;
2016;5;18.05.2016;Sylt-3;1;0;;;
2016;5;19.05.2016;Sylt-4;1;1;jellyfish;;
2016;5;18.05.2016;Sylt-5;1;0;jellyfish;;
2016;5;19.05.2016;Sylt-6;1;1;jellyfish;;
2016;5;19.05.2016;Sylt-7;1;0;jellyfish;;
2016;5;not sampled;Sylt-8;0;0;;;
2016;5;not sampled;Sylt-9;0;0;;;
2016;6;07.06.2016;Sylt-1;1;1;jellyfish;;
2016;6;07.06.2016;Sylt-2;1;1;jellyfish;;
2016;6;07.06.2016;Sylt-3;1;0;jellyfish;;
2016;6;07.06.2016;Sylt-4;1;1;jellyfish;;
2016;6;07.06.2016;Sylt-5;1;0;jellyfish;;
2016;6;08.06.2016;Sylt-6;1;1;jellyfish;;
2016;6;08.06.2016;Sylt-7;1;0;jellyfish;;
2016;6;not sampled;Sylt-8;0;0;;;
2016;6;not sampled;Sylt-9;0;0;;;
2016;7;14.07.2015;Sylt-1;1;1;;;
2016;7;14.07.2015;Sylt-2;1;1;;;
2016;7;14.07.2015;Sylt-3;1;0;;;
2016;7;14.07.2015;Sylt-4;1;1;;;
2016;7;14.07.2015;Sylt-5;1;0;;;
2016;7;14.07.2015;Sylt-6;1;1;;;
2016;7;14.07.2015;Sylt-7;1;0;;;
2016;7;not sampled;Sylt-8;0;0;;;
2016;7;not sampled;Sylt-9;0;0;;;
2016;8;06.09.2016;Sylt-1;1;1;;;
2016;8;06.09.2016;Sylt-2;1;1;;;
2016;8;06.09.2016;Sylt-3;1;0;;;
2016;8;07.09.2016;Sylt-4;1;1;;;
2016;8;06.09.2016;Sylt-5;1;0;;;
2016;8;07.09.2016;Sylt-6;1;1;;;
2016;8;07.09.2016;Sylt-7;1;0;;;
2016;8;not sampled;Sylt-8;0;0;;;
2016;8;not sampled;Sylt-9;0;0;;;
2016;9;20.09.2016;Sylt-1;1;1;jellyfish, algae;;
2016;9;not sampled;Sylt-2;0;0;;;
2016;9;20.09.2016;Sylt-3;1;0;jellyfish;;
2016;9;not sampled;Sylt-4;0;0;;;
2016;9;not sampled;Sylt-5;0;0;;;
2016;9;not sampled;Sylt-6;0;0;;;
2016;9;not sampled;Sylt-7;0;0;;;
2016;9;20.09.2016;Sylt-8;1;1;jellyfish, algae;;
2016;9;not sampled;Sylt-9;0;0;;;
2016;10;18.10.2016;Sylt-1;1;1;jellyfish;;
2016;10;17.10.2016;Sylt-2;1;1;;;
2016;10;18.10.2016;Sylt-3;1;0;;;
2016;10;17.10.2016;Sylt-4;1;1;;;
2016;10;17.10.2016;Sylt-5;1;0; ;;
2016;10;17.10.2016;Sylt-6;1;1;;;
2016;10;17.10.2016;Sylt-7;1;0;;;
2016;10;not sampled;Sylt-8;0;0;;;
2016;10;18.10.2016;Sylt-9;1;1;jellyfish;;
2016;11;17.11.2016;Sylt-1;1;1;jellyfish;;
2016;11;17.11.2016;Sylt-2;1;1;jellyfish;;
2016;11;17.11.2016;Sylt-3;1;0;;;
2016;11;17.11.2016;Sylt-4;1;1;;;
2016;11;17.11.2016;Sylt-5;1;0;jellyfish;;
2016;11;not sampled;Sylt-6;0;0;wind;;
2016;11;not sampled;Sylt-7;0;0;wind;;
2016;11;not sampled;Sylt-8;0;0;;;
2016;11;not sampled;Sylt-9;0;0;;;
2016;12;14.12.2016;Sylt-1;1;1;;;
2016;12;14.12.2016;Sylt-2;1;1;;;
2016;12;14.12.2016;Sylt-3;1;0;;;
2016;12;14.12.2016;Sylt-4;1;1;;;
2016;12;14.12.2016;Sylt-5;1;0;;;
2016;12;14.12.2016;Sylt-6;1;1;;;
2016;12;14.12.2016;Sylt-7;1;0;;;
2016;12;not sampled;Sylt-8;0;0;;;
2016;12;not sampled;Sylt-9;0;0;;;
2017;1;17.01.2017;Sylt-1;1;1;;;
2017;1;17.01.2017;Sylt-2;1;1;;;
2017;1;17.01.2017;Sylt-3;1;0;net broken;;
2017;1;17.01.2017;Sylt-4;1;1;;;
2017;1;18.01.2017;Sylt-5;1;0;;;
2017;1;18.01.2017;Sylt-6;1;1;;;
2017;1;18.01.2017;Sylt-7;1;0;;;
2017;1;not sampled;Sylt-8;0;0;;;
2017;1;not sampled;Sylt-9;0;0;;;
2017;2;not sampled;Sylt-1;0;0;;;
2017;2;not sampled;Sylt-2;0;0;;;
2017;2;not sampled;Sylt-3;0;0;;;
2017;2;not sampled;Sylt-4;0;0;;;
2017;2;not sampled;Sylt-5;0;0;;;
2017;2;not sampled;Sylt-6;0;0;;;
2017;2;not sampled;Sylt-7;0;0;;;
2017;2;not sampled;Sylt-8;0;0;;;
2017;2;not sampled;Sylt-9;0;0;;;
2017;3;13.03.2017;Sylt-1;1;1;;;
2017;3;13.03.2017;Sylt-2;1;1;net turned round;;
2017;3;15.03.2017;Sylt-3;1;0;;;
2017;3;13.03.2017;Sylt-4;1;1;;;
2017;3;13.03.2017;Sylt-5;1;0;;;
2017;3;15.03.2017;Sylt-6;1;1;;;
2017;3;14.03.2017;Sylt-7;1;0;net broken;;
2017;3;not sampled;Sylt-8;0;0;;;
2017;3;not sampled;Sylt-9;0;0;;;
2017;4;04.04.2017;Sylt-1;1;1;;;
2017;4;04.04.2017;Sylt-2;1;1;;;
2017;4;04.04.2017;Sylt-3;1;0;;;
2017;4;04.04.2017;Sylt-4;1;1;;;
2017;4;04.04.2017;Sylt-5;1;0;;;
2017;4;04.04.2017;Sylt-6;1;1;;;
2017;4;04.04.2017;Sylt-7;1;0; ;;
2017;4;not sampled;Sylt-8;0;0;;;
2017;4;not sampled;Sylt-9;0;0;;;
2017;5;09.05.2017;Sylt-1;1;1;;;
2017;5;09.05.2017;Sylt-2;1;1;;;
2017;5;09.05.2017;Sylt-3;1;0;;;
2017;5;08.05.2017;Sylt-4;1;1;;;
2017;5;08.05.2017;Sylt-5;1;0;;;
2017;5;08.05.2017;Sylt-6;1;1;;;
2017;5;08.05.2017;Sylt-7;1;0;;;
2017;5;09.05.2017;Sylt-8;1;1;;;
2017;5;09.05.2017;Sylt-9;1;1;jellyfish;;
2017;6;19.06.2017;Sylt-1;1;1;jellyfish;;
2017;6;19.06.2017;Sylt-2;1;1;;;
2017;6;12.06.2017;Sylt-3;1;0;;;
2017;6;19.06.2017;Sylt-4;1;0;;;
2017;6;20.06.2017;Sylt-5;1;0;;;
2017;6;20.06.2017;Sylt-6;1;1;jellyfish;;
2017;6;20.06.2017;Sylt-7;1;0;;;
2017;6;not sampled;Sylt-8;0;0;;;
2017;6;not sampled;Sylt-9;0;0;;;
2017;7;10.07.2017;Sylt-1;1;1;;;
2017;7;10.07.2017;Sylt-2;1;1;;;
2017;7;10.07.2017;Sylt-3;1;0;;;
2017;7;11.07.2017;Sylt-4;1;1;;;
2017;7;11.07.2017;Sylt-5;1;0;;;
2017;7;11.07.2017;Sylt-6;1;1;jellyfish;;
2017;7;11.07.2017;Sylt-7;1;0;;;
2017;7;10.07.2017;Sylt-8;1;1;;;
2017;7;11.07.2017;Sylt-9;1;1;;;
2017;8;not sampled;Sylt-1;0;0;;;
2017;8;not sampled;Sylt-2;0;0;;;
2017;8;not sampled;Sylt-3;0;0;;;
2017;8;29.08.2017;Sylt-4;0;0;;;
2017;8;not sampled;Sylt-5;0;0;;;
2017;8;not sampled;Sylt-6;0;0;;;
2017;8;not sampled;Sylt-7;0;0;;;
2017;8;not sampled;Sylt-8;0;0;;;
2017;8;not sampled;Sylt-9;0;0;;;
2017;9;06.09.2017;Sylt-1;1;1;;;
2017;9;06.09.2017;Sylt-2;1;1;;;
2017;9;06.09.2017;Sylt-3;1;0;;;
2017;9;07.09.2017;Sylt-4;1;1;;;
2017;9;06.09.2017;Sylt-5;1;0;;;
2017;9;07.09.2017;Sylt-6;1;1;jellyfish;;
2017;9;07.09.2017;Sylt-7;1;0;;;
2017;9;not sampled;Sylt-8;0;0;;;
2017;9;not sampled;Sylt-9;0;0;;;
2017;10;18.10.2017;Sylt-1;1;1;jellyfish, new station 10;;
2017;10;17.10.2017;Sylt-2;1;1;jellyfish, new station 10;;
2017;10;18.10.2017;Sylt-4;1;1;new station 10;;
2017;10;18.10.2017;Sylt-5;1;0;new station 10, net not completely closed;;
2017;10;18.10.2017;Sylt-7;1;0;new station 10;;
2017;10;not sampled;Sylt-8;0;0;new station 10;;
2017;10;18.10.2017;Sylt-9;1;1;new station 10;;
2017;10;18.10.2017;Sylt-10;1;1;new station 10;;
2017;11;not sampled;Sylt-1;0;0;;;
2017;11;not sampled;Sylt-2;0;0;;;
2017;11;not sampled;Sylt-4;0;0;;;
2017;11;not sampled;Sylt-5;0;0;;;
2017;11;not sampled;Sylt-7;0;0;;;
2017;11;not sampled;Sylt-8;0;0;;;
2017;11;not sampled;Sylt-9;0;0;;;
2017;11;not sampled;Sylt-10;0;0;;;
2017;12;not sampled;Sylt-1;0;0;;;
2017;12;not sampled;Sylt-2;0;0;;;
2017;12;not sampled;Sylt-4;0;0;;;
2017;12;not sampled;Sylt-5;0;0;;;
2017;12;not sampled;Sylt-7;0;0;;;
2017;12;not sampled;Sylt-8;0;0;;;
2017;12;not sampled;Sylt-9;0;0;;;
2017;12;not sampled;Sylt-10;0;0;;;
2018;1;18.01.2018;Sylt-1;1;1;;;
2018;1;18.01.2018;Sylt-2;1;1;;;
2018;1;18.01.2018;Sylt-4;1;1;;;
2018;1;18.01.2018;Sylt-5;1;0;;;
2018;1;18.01.2018;Sylt-7;1;0;;;
2018;1;not sampled;Sylt-8;0;0;;;
2018;1;not sampled;Sylt-9;0;0;;;
2018;1;18.01.2018;Sylt-10;1;1;;;
2018;2;13.02.2018;Sylt-1;1;1;;;
2018;2;13.02.2018;Sylt-2;1;1;;;
2018;2;13.02.2018;Sylt-4;1;1;;;
2018;2;13.02.2018;Sylt-5;1;0;;;
2018;2;13.02.2018;Sylt-7;1;0;;;
2018;2;not sampled;Sylt-8;0;0;;;
2018;2;16.02.2018;Sylt-9;1;1;;;
2018;2;16.02.2018;Sylt-10;1;1;;;
2018;3;21.03.2018;Sylt-1;1;1;;;
2018;3;21.03.2018;Sylt-2;1;1;;;
2018;3;21.03.2018;Sylt-4;1;1;;;
2018;3;21.03.2018;Sylt-5;1;0;;;
2018;3;21.03.2018;Sylt-7;1;0;;;
2018;3;not sampled;Sylt-8;0;0;;;
2018;3;not sampled;Sylt-9;0;0;;;
2018;3;21.03.2018;Sylt-10;1;1;;;
2018;4;18.04.2018;Sylt-1;1;1;;;
2018;4;18.04.2018;Sylt-2;1;1;;;
2018;4;19.04.2018;Sylt-4;1;1;;;
2018;4;19.04.2018;Sylt-5;1;0;;;
2018;4;19.04.2018;Sylt-7;1;0;;;
2018;4;18.04.2018;Sylt-8;1;1;;;
2018;4;18.04.2018;Sylt-9;1;1;;;
2018;4;18.04.2018;Sylt-10;1;1;;;
2018;5;17.05.2018;Sylt-1;1;1;;;
2018;5;17.05.2018;Sylt-2;1;1;;;
2018;5;17.05.2018;Sylt-4;1;1;;;
2018;5;17.05.2018;Sylt-5;1;0;;;
2018;5;17.05.2018;Sylt-7;1;0;;;
2018;5;not sampled;Sylt-8;0;0;;;
2018;5;not sampled;Sylt-9;0;0;;;
2018;5;23.05.2018;Sylt-10;1;1;;;
2018;6;26.06.2018;Sylt-1;1;1;jellyfish;;
2018;6;26.06.2018;Sylt-2;1;1;jellyfish;;
2018;6;27.06.2018;Sylt-4;1;1;jellyfish;;
2018;6;26.06.2018;Sylt-5;1;0;jellyfish;;
2018;6;27.06.2018;Sylt-7;1;0;jellyfish;;
2018;6;not sampled;Sylt-8;0;0;;;
2018;6;not sampled;Sylt-9;0;0;;;
2018;6;27.06.2018;Sylt-10;1;1;jellyfish;;
2018;7;18.07.2018;Sylt-1;1;1;jellyfish;;
2018;7;18.07.2018;Sylt-2;1;1;jellyfish;;
2018;7;18.07.2018;Sylt-4;1;1;jellyfish;;
2018;7;18.07.2018;Sylt-5;1;0;jellyfish;;
2018;7;19.07.2018;Sylt-7;1;0;;;
2018;7;not sampled;Sylt-8;0;0;;;
2018;7;not sampled;Sylt-9;0;0;;;
2018;7;19.07.2018;Sylt-10;1;1;jellyfish;;
2018;8;29.08.2018;Sylt-1;1;1;;;
2018;8;29.08.2018;Sylt-2;1;1;jellyfish;;
2018;8;29.08.2018;Sylt-4;1;1;;;
2018;8;29.08.2018;Sylt-5;1;0;jellyfish;;
2018;8;29.08.2018;Sylt-7;1;0;;;
2018;8;29.08.2018;Sylt-8;1;1;jellyfish;;
2018;8;29.08.2018;Sylt-9;1;1;jellyfish;;
2018;8;29.08.2018;Sylt-10;1;1;jellyfish;;
2018;9;27.09.2018;Sylt-1;1;1;;;
2018;9;27.09.2018;Sylt-2;1;1;jellyfish;;
2018;9;27.09.2018;Sylt-4;1;1;;;
2018;9;27.09.2018;Sylt-5;1;0;jellyfish;;
2018;9;27.09.2018;Sylt-7;1;0;;;
2018;9;not sampled;Sylt-8;0;0;;;
2018;9;not sampled;Sylt-9;0;0;;;
2018;9;27.09.2018;Sylt-10;1;0;no pelagic sampling shallow waters;;
2018;10;not sampled;Sylt-1;0;0;wind;;
2018;10;not sampled;Sylt-2;0;0;wind;;
2018;10;not sampled;Sylt-4;0;0;wind;;
2018;10;not sampled;Sylt-5;0;0;wind;;
2018;10;not sampled;Sylt-7;0;0;wind;;
2018;10;not sampled;Sylt-8;0;0;wind;;
2018;10;not sampled;Sylt-9;0;0;wind;;
2018;10;not sampled;Sylt-10;0;0;wind;;
2018;11;not sampled;Sylt-1;0;0;wind;;
2018;11;not sampled;Sylt-2;0;0;wind;;
2018;11;not sampled;Sylt-4;0;0;wind;;
2018;11;not sampled;Sylt-5;0;0;wind;;
2018;11;not sampled;Sylt-7;0;0;wind;;
2018;11;not sampled;Sylt-8;0;0;wind;;
2018;11;not sampled;Sylt-9;0;0;wind;;
2018;11;not sampled;Sylt-10;0;0;wind;;
2018;12;03.12.2018;Sylt-1;1;1;;;
2018;12;03.12.2018;Sylt-2;1;1;jellyfish;;
2018;12;03.12.2018;Sylt-4;1;1;jellyfish;;
2018;12;06.12.2018;Sylt-5;1;0;;;
2018;12;06.12.2018;Sylt-7;1;0;;;
2018;12;not sampled;Sylt-8;0;0;;;
2018;12;not sampled;Sylt-9;0;0;;;
2018;12;03.12.2018;Sylt-10;1;1;jellyfish;;
2019;1;10.01.2019;Sylt-1;1;1;;;
2019;1;10.01.2019;Sylt-2;1;1;;;
2019;1;10.01.2019;Sylt-4;1;1;;;
2019;1;10.01.2019;Sylt-5;1;0;;;
2019;1;10.01.2019;Sylt-7;1;0;;;
2019;1;not sampled;Sylt-8;0;0;;;
2019;1;not sampled;Sylt-9;0;0;;;
2019;1;10.01.2019;Sylt-10;1;1;;;
2019;2;not sampled;Sylt-1;0;0;;;
2019;2;not sampled;Sylt-2;0;0;;;
2019;2;not sampled;Sylt-4;0;0;;;
2019;2;not sampled;Sylt-5;0;0;;;
2019;2;not sampled;Sylt-7;0;0;;;
2019;2;27.02.2019;Sylt-8;1;1;;;
2019;2;not sampled;Sylt-9;0;0;;;
2019;2;not sampled;Sylt-10;1;1;;;
2019;3;27.03.2019;Sylt-1;1;1;;;
2019;3;27.03.2019;Sylt-2;1;1;;;
2019;3;27.03.2019;Sylt-4;1;1;;;
2019;3;27.03.2019;Sylt-5;1;0;;;
2019;3;27.03.2019;Sylt-7;1;0;;;
2019;3;not sampled;Sylt-8;0;0;;;
2019;3;27.03.2019;Sylt-9;1;1;;;
2019;3;27.03.2019;Sylt-10;1;1;;;
2019;4;10.04.2019;Sylt-1;1;1;;;
2019;4;10.04.2019;Sylt-2;1;1;;;
2019;4;11.04.2019;Sylt-4;1;1;;;
2019;4;11.04.2019;Sylt-5;1;0;;;
2019;4;11.04.2019;Sylt-7;1;0;;;
2019;4;not sampled;Sylt-8;0;0;;;
2019;4;not sampled;Sylt-9;0;0;;;
2019;4;10.04.2019;Sylt-10;1;0;no pelagic sampling shallow waters;;
2019;5;08.05.2019;Sylt-1;1;1;;;
2019;5;08.05.2019;Sylt-2;1;1;;;
2019;5;08.05.2019;Sylt-4;1;1;;;
2019;5;08.05.2019;Sylt-5;1;0;;;
2019;5;08.05.2019;Sylt-7;1;0;;;
2019;5;not sampled;Sylt-8;0;0;;;
2019;5;not sampled;Sylt-9;0;0;;;
2019;5;09.05.2019;Sylt-10;1;1;jellyfish;;
2019;6;not sampled;Sylt-1;0;0;shipyard;;
2019;6;not sampled;Sylt-2;0;0;shipyard;;
2019;6;not sampled;Sylt-4;0;0;shipyard;;
2019;6;not sampled;Sylt-5;0;0;shipyard;;
2019;6;not sampled;Sylt-7;0;0;shipyard;;
2019;6;not sampled;Sylt-8;0;0;shipyard;;
2019;6;not sampled;Sylt-9;0;0;shipyard;;
2019;6;not sampled;Sylt-10;0;0;shipyard;;
2019;7;25.07.2019;Sylt-1;1;1;jellyfish;;
2019;7;25.07.2019;Sylt-2;1;1;jellyfish;;
2019;7;25.07.2019;Sylt-4;1;1;jellyfish;;
2019;7;25.07.2019;Sylt-5;1;0;jellyfish;;
2019;7;not sampled;Sylt-7;0;0;;;
2019;7;not sampled;Sylt-8;0;0;;;
2019;7;not sampled;Sylt-9;0;0;;;
2019;7;25.07.2019;Sylt-10;1;1;jellyfish;;
2019;8;21.08.2019;Sylt-1;1;1;jellyfish;;
2019;8;21.08.2019;Sylt-2;1;1;jellyfish;;
2019;8;21.08.2019;Sylt-4;1;1;jellyfish;;
2019;8;21.08.2019;Sylt-5;1;0;jellyfish;;
2019;8;22.08.2019;Sylt-7;1;0;;;
2019;8;21.08.2019;Sylt-8;1;1;jellyfish;;
2019;8;22.08.2019;Sylt-9;1;1;jellyfish;;
2019;8;22.08.2019;Sylt-10;1;1;jellyfish;;
2019;9;11.09.2019;Sylt-1;1;1;jellyfish;;
2019;9;11.09.2019;Sylt-2;1;1;jellyfish;;
2019;9;12.09.2019;Sylt-4;1;1;jellyfish;;
2019;9;12.09.2019;Sylt-5;1;0;jellyfish;;
2019;9;12.09.2019;Sylt-7;1;0;jellyfish;;
2019;9;not sampled;Sylt-8;0;0;;;
2019;9;not sampled;Sylt-9;0;0;;;
2019;9;12.09.2019;Sylt-10;1;0;jellyfish, no pelagic sampling shallow waters;;
2019;10;30.10.2019;Sylt-1;1;1;jellyfish;;
2019;10;30.10.2019;Sylt-2;1;1;jellyfish;;
2019;10;30.10.2019;Sylt-4;1;1;;;
2019;10;30.10.2019;Sylt-5;1;0;;;
2019;10;30.10.2019;Sylt-7;1;0;;;
2019;10;not sampled;Sylt-8;0;0;;;
2019;10;not sampled;Sylt-9;0;0;;;
2019;10;30.10.2019;Sylt-10;1;0;no pelagic sampling shallow waters;;
2019;11;20.11.2019;Sylt-1;1;1;jellyfish;;
2019;11;20.11.2019;Sylt-2;1;1;;;
2019;11;20.11.2019;Sylt-4;1;1;;;
2019;11;20.11.2019;Sylt-5;1;0;;;
2019;11;20.11.2019;Sylt-7;1;0;;;
2019;11;not sampled;Sylt-8;0;0;;;
2019;11;not sampled;Sylt-9;0;0;;;
2019;11;20.11.2019;Sylt-10;1;1;;;
2019;12;not sampled;Sylt-1;0;0;;;
2019;12;not sampled;Sylt-2;0;0;;;
2019;12;not sampled;Sylt-4;0;0;;;
2019;12;not sampled;Sylt-5;0;0;;;
2019;12;not sampled;Sylt-7;0;0;;;
2019;12;not sampled;Sylt-8;0;0;;;
2019;12;not sampled;Sylt-9;0;0;;;
2019;12;not sampled;Sylt-10;0;0;;;
2020;1;22.01.2020;Sylt-1;1;1;;;
2020;1;22.01.2020;Sylt-2;1;1;;;
2020;1;22.01.2020;Sylt-4;1;1;;;
2020;1;22.01.2020;Sylt-5;1;0;;;
2020;1;22.01.2020;Sylt-7;1;0;;;
2020;1;not sampled;Sylt-8;0;0;;;
2020;1;not sampled;Sylt-9;0;0;;;
2020;1;22.01.2020;Sylt-10;1;1;;;
2020;2;19.02.2020;Sylt-1;1;1;;;
2020;2;19.02.2020;Sylt-2;1;1;;;
2020;2;19.02.2020;Sylt-4;1;1;;;
2020;2;19.02.2020;Sylt-5;1;0;;;
2020;2;19.02.2020;Sylt-7;1;0;;;
2020;2;not sampled;Sylt-8;0;0;;;
2020;2;not sampled;Sylt-9;0;0;;;
2020;2;19.02.2020;Sylt-10;1;1;;;
2020;3;25.03.2020;Sylt-1;1;1;;;
2020;3;25.03.2020;Sylt-2;1;1;;;
2020;3;25.03.2020;Sylt-4;1;1;;;
2020;3;25.03.2020;Sylt-5;1;0;mud;;
2020;3;25.03.2020;Sylt-7;1;0;;;
2020;3;not sampled;Sylt-8;0;0;Corona border closing;;
2020;3;not sampled;Sylt-9;0;0;Corona border closing;;
2020;3;not sampled;Sylt-10;0;0;Corona border closing;;
2020;4;23.04.2020;Sylt-1;1;1;jellyfish;;
2020;4;22.04.2020;Sylt-2;1;1;jellyfish;;
2020;4;22.04.2020;Sylt-4;1;1;jellyfish;;
2020;4;22.04.2020;Sylt-5;1;0;jellyfish;;
2020;4;22.04.2020;Sylt-7;1;0;;;
2020;4;23.04.2020;Sylt-8;1;1;jellyfish, stones;;
2020;4;22.04.2020;Sylt-9;1;1;jellyfish;;
2020;4;not sampled;Sylt-10;0;0;Corona border closing;;
2020;5;27.05.2020;Sylt-1;1;1;jellyfish;;
2020;5;27.05.2020;Sylt-2;1;1;jellyfish;;
2020;5;27.05.2020;Sylt-4;1;1;jellyfish, algae;;
2020;5;27.05.2020;Sylt-5;1;0;;;
2020;5;27.05.2020;Sylt-7;1;0;jellyfish, algae;;
2020;5;not sampled;Sylt-8;0;0;;;
2020;5;not sampled;Sylt-9;0;0;;;
2020;5;not sampled;Sylt-10;0;0;Corona border closing;;
2020;6;not sampled;Sylt-1;0;0;shipyard;;
2020;6;not sampled;Sylt-2;0;0;shipyard;;
2020;6;not sampled;Sylt-4;0;0;shipyard;;
2020;6;not sampled;Sylt-5;0;0;shipyard;;
2020;6;not sampled;Sylt-7;0;0;shipyard;;
2020;6;not sampled;Sylt-8;0;0;shipyard;;
2020;6;not sampled;Sylt-9;0;0;shipyard;;
2020;6;not sampled;Sylt-10;0;0;shipyard;;
2020;7;22.07.2020;Sylt-1;1;1;jellyfish;;
2020;7;22.07.2020;Sylt-2;1;1;jellyfish;;
2020;7;22.07.2020;Sylt-4;1;1;jellyfish, pelagic sampling next day;;
2020;7;22.07.2020;Sylt-5;1;0;jellyfish;;
2020;7;22.07.2020;Sylt-7;1;0;jellyfish;;
2020;7;22.07.2020;Sylt-8;1;1;jellyfish;;
2020;7;23.07.2020;Sylt-9;1;1;jellyfish;;
2020;7;23.07.2020;Sylt-10;1;1;jellyfish;;
2020;8;19.08.2020;Sylt-1;1;1;jellyfish;;
2020;8;19.08.2020;Sylt-2;1;1;jellyfish, algae;;
2020;8;19.08.2020;Sylt-4;1;1;jellyfish, algae;;
2020;8;19.08.2020;Sylt-5;1;0;jellyfish;;
2020;8;19.08.2020;Sylt-7;1;0;jellyfish;;
2020;8;not sampled;Sylt-8;0;0;;;
2020;8;not sampled;Sylt-9;0;0;;;
2020;8;19.08.2020;Sylt-10;1;1;jellyfish;;
2020;9;;Sylt-1;;;;;
2020;9;;Sylt-2;;;;;
2020;9;;Sylt-4;;;;;
2020;9;;Sylt-5;;;;;
2020;9;;Sylt-7;;;;;
2020;9;;Sylt-8;;;;;
2020;9;;Sylt-9;;;;;
2020;9;;Sylt-10;;;;;
2020;10;;Sylt-1;;;;;
2020;10;;Sylt-2;;;;;
2020;10;;Sylt-4;;;;;
2020;10;;Sylt-5;;;;;
2020;10;;Sylt-7;;;;;
2020;10;;Sylt-8;;;;;
2020;10;;Sylt-9;;;;;
2020;10;;Sylt-10;;;;;
2020;11;;Sylt-1;;;;;
2020;11;;Sylt-2;;;;;
2020;11;;Sylt-4;;;;;
2020;11;;Sylt-5;;;;;
2020;11;;Sylt-7;;;;;
2020;11;;Sylt-8;;;;;
2020;11;;Sylt-9;;;;;
2020;11;;Sylt-10;;;;;
2020;12;;Sylt-1;;;;;
2020;12;;Sylt-2;;;;;
2020;12;;Sylt-4;;;;;
2020;12;;Sylt-5;;;;;
2020;12;;Sylt-7;;;;;
2020;12;;Sylt-8;;;;;
2020;12;;Sylt-9;;;;;
2020;12;;Sylt-10;;;;;
